{"count":1,"self":104.65791999999999,"total":395.4778526,"children":{"InitializeActuators":{"count":15,"self":0.0033074999999999997,"total":0.0033074999999999997,"children":null},"InitializeSensors":{"count":15,"self":0.0010012999999999999,"total":0.0010012999999999999,"children":null},"AgentSendState":{"count":166734,"self":0.71848309999999993,"total":3.3452051999999997,"children":{"CollectObservations":{"count":500205,"self":0.4256087,"total":0.4256087,"children":null},"WriteActionMask":{"count":500205,"self":0.097807399999999989,"total":0.097807399999999989,"children":null},"RequestDecision":{"count":500205,"self":0.5704151,"total":2.103306,"children":{"AgentInfo.ToProto":{"count":500205,"self":0.4787951,"total":1.5328909,"children":{"GenerateSensorData":{"count":500205,"self":1.0540958,"total":1.0540958,"children":null}}}}}}},"DecideAction":{"count":166734,"self":284.8352768,"total":284.8352862,"children":null},"AgentAct":{"count":166734,"self":2.4548959999999997,"total":2.4548961,"children":null},"AgentInfo.ToProto":{"count":16593,"self":0.069633199999999992,"total":0.1792327,"children":{"GenerateSensorData":{"count":16593,"self":0.10959949999999999,"total":0.10959949999999999,"children":null}}}},"gauges":{"Pong Player.CumulativeReward":{"count":16593,"max":1.6,"min":-1,"runningAverage":1.36150765,"value":1.6,"weightedAverage":1.58708525}},"metadata":{"timer_format_version":"0.1.0","start_time_seconds":"1716902696","unity_version":"2023.2.20f1","command_line_arguments":"C:\\Program Files\\Unity\\Hub\\Editor\\2023.2.20f1\\Editor\\Unity.exe -projectpath E:\\Unity Project\\ML-Agents first project -useHub -hubIPC -cloudEnvironment production -licensingIpc LicenseClient-hongp -hubSessionId f9315efa-f757-411c-8032-0804a010a634 -accessToken qnNbOCB4oPSyPb66OrNV1_WWOLc0fJl1KBxVZpUznhI011f","communication_protocol_version":"1.5.0","com.unity.ml-agents_version":"2.0.1","scene_name":"SampleScene","end_time_seconds":"1716903092"}}